sample_id,signal_strength,response_level,category
901,722.5665850288954,153.93376280342068,Group_C
1799,210.43252477601752,454.6137611125408,Group_B
1129,152.56977654453746,431.9931894956989,Group_B
965,670.294067962779,-6.559719623742751,Group_C
395,49.41887530026342,444.7752732880362,Group_B
865,162.49469696070142,447.0357748316064,Group_B
571,37.60112271482956,403.787260719546,Group_B
176,29.564741657298832,400.96495410730574,Group_B
1538,651.5696931002531,392.4201524375478,Group_C
644,700.0953458611557,42.08552400468676,Group_C
553,552.4256126053452,290.1615778374291,Group_C
496,119.30027398078536,433.9757754968427,Group_B
335,17.58453656780786,486.7770087992928,Group_B
1044,44.64662553902944,464.0758616003289,Group_B
1103,28.91813874677272,454.5907088565638,Group_B
899,621.1775548769797,32.768385989770536,Group_C
463,78.67475141401167,409.94181427301146,Group_B
199,700.2040301092825,258.9603743912784,Group_C
16,4.36080077007011,156.68363037527627,Group_A
266,59.889564239318446,392.96781400309794,Group_B
1543,417.0861791372938,429.85957560178224,Group_A
695,37.351306487421816,111.96870469025328,Group_A
1594,162.96619972008943,459.9793144091603,Group_B
434,483.612670813358,411.0014775109755,Group_A
629,-62.57739208510117,442.6648047253112,Group_B
1118,680.3647026533527,14.641341991133745,Group_C
905,79.90023893598432,449.3465975379787,Group_B
915,694.3684152859572,19.045474673183605,Group_C
1685,116.23550288656344,478.6483259710804,Group_B
200,608.7927079761578,46.14458520531895,Group_C
1377,460.5308099776725,339.33750179832543,Group_A
999,621.9226715623764,31.29384397948604,Group_C
781,50.43085617524335,429.2597041328214,Group_B
1030,561.2451674615943,56.07426022824086,Group_C
1114,32.22705014767142,498.0545816979463,Group_B
1577,314.4424860380205,188.74633102818035,Group_A
1178,46.63996575931603,496.7259718591676,Group_B
702,290.05215826775515,329.2598045607169,Group_B
1325,92.43671012504916,94.54925308055095,Group_A
1356,286.5741516572126,143.73788062236554,Group_A
1286,493.3289590857366,198.52643423946165,Group_C
1345,8.111817755083848,492.5712868359684,Group_B
311,587.0705337499711,351.58411526515783,Group_C
57,54.26025406204007,168.3067692095957,Group_A
552,80.53862417480593,519.2309595009681,Group_B
428,285.5077276014173,362.8050869342069,Group_B
1681,24.7263651577276,449.878281971366,Group_B
44,687.6123501134251,149.0953384518658,Group_C
101,337.79829633904274,443.8067402963171,Group_B
275,540.192852883781,286.24911218484533,Group_C
1264,35.92138192976948,415.5601483189357,Group_B
354,252.78898340684745,31.45360245298707,Group_C
102,201.06820668864293,407.8469158878181,Group_B
1303,603.4635959550805,346.2950254718643,Group_C
108,538.9582754807867,287.3671422920665,Group_C
568,59.46641605994887,391.6759273802752,Group_B
1787,645.5423423582657,48.40414397524109,Group_C
1054,633.5536306786811,86.36267934267113,Group_C
1193,106.99611187681474,496.4419902730421,Group_B
1406,378.4597612631745,469.2263647894856,Group_A
1793,229.514951648106,250.11541291125428,Group_A
734,81.3681280459353,411.663611474778,Group_B
1019,299.2624222580339,474.2624519633013,Group_B
1287,712.2261181321649,52.475022094322014,Group_C
129,447.53810613583937,438.6448153665736,Group_A
1133,326.3560026125039,328.6218685844807,Group_A
1248,636.0140847697949,425.942330980541,Group_C
433,157.89490178571603,428.0701661593093,Group_B
1378,663.0137260644977,2.995040593918929,Group_C
1064,91.5962882009458,482.9622023631476,Group_B
893,111.84554342129854,463.8219400876346,Group_B
926,4.69026496122682,478.5479101008503,Group_B
985,686.3268472614537,28.262051348844864,Group_C
638,635.3117979273502,97.28049915063582,Group_C
558,50.23977004621812,457.8255138396654,Group_B
614,612.815251689134,34.60925496782767,Group_C
1202,51.66362431177692,495.94625310251314,Group_B
1388,516.4424823601898,255.1530649927966,Group_C
1201,622.4020818669653,68.14058207614227,Group_C
712,282.25720441482497,96.71718640087568,Group_C
922,24.17492856521139,484.2454474014235,Group_B
1407,615.0697879169364,190.60772282605024,Group_C
406,13.94686542055694,118.6802356599677,Group_A
1724,588.0877709561154,283.1943405317006,Group_C
1607,209.5268264698342,346.9367567094956,Group_B
882,335.85794372027414,448.2410111785815,Group_B
1403,212.72309360168305,-5.113661462319328,Group_C
974,46.50956433393589,450.11527888849696,Group_B
1068,146.47341533588502,216.81578917343853,Group_B
227,18.21069637755342,456.7955746491567,Group_B
232,10.99469161730786,468.7551672199192,Group_B
1171,666.9303496723152,24.09474640536837,Group_C
1540,669.6806711991945,463.26814241304976,Group_C
772,109.01402380775818,423.3639802329853,Group_B
164,618.7065576815017,59.30638266656314,Group_C
1588,249.67892634580448,392.79749924584473,Group_B
1191,89.18671392145983,472.0532475484175,Group_B
267,313.6741767443013,34.91745506540286,Group_C
149,19.869506845280554,496.92495386836345,Group_B
515,29.2537949098294,492.39848375051207,Group_B
1326,77.63298202794542,328.4649661569743,Group_B
592,514.5368866275792,277.81676998053587,Group_C
1466,486.4676759297208,299.77207910813024,Group_A
1425,-9.22779431106111,458.3834619132298,Group_B
307,340.05428978287694,338.8051946626947,Group_A
193,106.2517941003484,414.6389794422082,Group_B
1357,253.5970653069137,408.3138944519932,Group_B
310,307.26890601346804,278.59982487886964,Group_A
870,559.2323707653959,264.99060280048514,Group_C
64,28.39911914061765,489.3091566853993,Group_B
966,583.4467036390521,362.24238038518416,Group_C
1797,667.0192583135963,14.647785163762537,Group_C
1563,645.9774004715638,70.53369273541892,Group_C
1048,615.7766550103671,290.6363614883225,Group_C
1692,143.02862826126793,119.795434524953,Group_A
757,51.72460932142288,466.4645624809841,Group_B
1024,31.5390238478519,478.2022373300852,Group_B
820,514.073127761241,155.70783752128312,Group_C
889,136.71000914475158,371.8037105959796,Group_B
1441,253.1463205789493,242.38482498422377,Group_A
818,547.4507390138274,41.24509109415777,Group_C
1802,363.4784956090016,44.25013846311657,Group_C
1058,217.25793520314664,390.2017984064268,Group_B
1041,36.35499875139744,432.7973263916929,Group_B
1279,52.48642428141069,471.7187968781056,Group_B
219,422.3088356093472,327.7436284249765,Group_A
681,616.4003733147383,20.178618679964814,Group_C
287,711.5921852927266,357.93842306796296,Group_C
947,96.26817529719672,449.01446094938433,Group_B
1453,598.8735858293649,89.81739767061885,Group_C
1260,280.30673466934644,437.5045476638215,Group_B
655,6.272824539300046,508.85826841041103,Group_B
362,113.63449828020164,463.3443796916905,Group_B
1468,-6.900775308691323,453.7410524397076,Group_B
890,323.1569622182892,484.583567530974,Group_B
1218,436.7088961220401,201.2836604061156,Group_A
860,54.15568195823955,417.4749085367265,Group_B
486,652.6479686400821,-47.242809839615006,Group_C
1484,45.28438854660905,472.49306463190334,Group_B
556,211.1367861298686,484.0331898212019,Group_B
1520,220.8316504727292,391.1057169423835,Group_B
880,35.86875878967787,456.2622825156473,Group_B
1636,-20.400245125986643,429.75500580692176,Group_B
1119,76.9326634122104,307.9723098870297,Group_B
1462,26.90275737577312,491.67212420323307,Group_B
1236,419.9351629284061,377.701602604425,Group_A
1707,390.37861932693295,123.10701219198351,Group_A
528,624.8445967986893,108.05696037223083,Group_C
1211,583.9852136932633,449.6731203270088,Group_C
817,109.253405697532,485.3735119562928,Group_B
706,90.5060245929647,455.8186782143157,Group_B
1371,396.676749818977,506.067545775424,Group_A
693,596.437345008921,15.367129843860653,Group_C
1284,383.99066867411,280.20255750561284,Group_A
1753,673.988734243197,21.61441874105645,Group_C
494,123.04614141158498,462.85670513953,Group_B
1754,411.3451859062446,319.33707292126815,Group_A
278,252.79599444802992,189.73404199570933,Group_A
1668,79.09491684525617,26.437649483058067,Group_C
359,67.90561074149741,360.1302259514836,Group_B
1539,8.427420542269068,482.1721816727104,Group_B
237,366.9597660776592,389.9742396649651,Group_A
1687,715.8354198233728,155.12780525839042,Group_C
209,68.87888593699041,495.02291252610905,Group_B
1252,117.17781032669924,175.3063127350904,Group_A
1723,25.144955645392063,473.0606124739186,Group_B
59,470.1680023592825,150.01860742678707,Group_C
1436,698.7258223769998,30.64106808334708,Group_C
1429,40.308543154546726,508.3594504721793,Group_B
364,445.3005539336047,87.45989411295011,Group_C
998,642.403616415624,152.8495866816092,Group_C
1618,703.8462266753287,72.1296511800208,Group_C
1505,624.8349223336608,90.17881383821242,Group_C
1730,29.115607569043704,97.80796757735844,Group_A
1107,722.8622862162703,225.76350501765896,Group_C
1309,94.90512025402133,212.7261197298709,Group_A
811,74.4147880555536,459.8430945488398,Group_B
1125,61.12167515670615,487.55899509837207,Group_B
119,516.3793550321993,105.50661529511666,Group_C
1487,629.0041194217457,51.16249960134422,Group_C
983,34.33162877983158,414.0921302066092,Group_B
523,56.908426458729465,389.4766951591354,Group_B
514,675.199060670347,-55.08091974031902,Group_C
82,273.9324101227827,405.48596764572574,Group_B
1341,665.5510725534217,40.4877547464705,Group_C
381,42.83840478647679,482.9666624990416,Group_B
1531,248.91694482581389,366.5129721146751,Group_B
85,522.112035492058,107.3178410397474,Group_C
1582,221.75773264156985,347.7896079651555,Group_B
1023,587.9695627722762,37.24114644978687,Group_C
1241,159.834727828818,412.636487943797,Group_B
618,388.07509237376,442.8750383868971,Group_A
1097,218.58777153049445,142.55585326605342,Group_A
1005,269.97056909511207,117.94186004406868,Group_A
1285,66.92040818474244,488.1920171709846,Group_B
452,713.2525188655868,-4.880488893198105,Group_C
491,208.65491051402148,434.7486760243633,Group_B
1773,681.2001979122069,55.16419784477853,Group_C
288,695.181766717922,16.746795192791183,Group_C
758,721.4385815752757,25.187710571766445,Group_C
1792,429.8722773314653,469.6637308104989,Group_A
1235,120.92573423547348,192.03004913869933,Group_A
906,121.77300471218436,351.82561550466914,Group_B
585,680.1810416781059,-21.98857289498585,Group_C
661,649.950055294511,399.17045251420654,Group_C
765,447.3783121551795,280.937268248535,Group_A
953,172.7213547109291,179.85532536901053,Group_A
1768,106.57261737124398,404.99950328395374,Group_B
328,342.0322171947489,31.2288725556092,Group_C
866,287.35384245503894,447.9282396546567,Group_B
1680,202.3800141645576,374.8151321728706,Group_B
942,418.6562629236466,318.475725223998,Group_A
766,72.34529921412897,293.7780146727672,Group_B
1542,90.11156492835336,378.3839631819792,Group_B
178,98.75167464285168,371.4258301367742,Group_B
612,620.6586523120943,31.8456051841664,Group_C
584,398.23688116058224,190.39433146893447,Group_A
87,27.61295130785767,454.8873384027676,Group_B
1271,568.0306500540146,85.44441994535487,Group_C
1712,629.5426988756335,458.8492786259344,Group_C
458,167.93715073028898,460.28375321037606,Group_B
55,678.121705569201,-5.218616189910847,Group_C
1358,35.77293433850272,477.1782314760159,Group_B
222,508.4928399012001,234.05008077547768,Group_C
114,499.702288202028,58.49881081600552,Group_C
810,251.98413924760567,357.0097843560442,Group_B
1117,187.7000060053048,112.32959819318012,Group_A
825,28.00733917114784,535.4706095900746,Group_B
175,141.13116208853387,453.19597417179534,Group_B
1749,678.3164503105776,178.46844917006757,Group_C
590,102.66375998966672,482.04484798845925,Group_B
1576,310.43190222773967,134.09159660943067,Group_A
19,635.4872786066184,86.87229969807106,Group_C
424,10.731157059422038,432.005174464897,Group_B
1212,445.7526650723652,68.88629442633419,Group_C
286,175.73086394742495,384.10544516180016,Group_B
1593,633.7028203899581,318.65735121714,Group_C
429,-3.3292710350929724,431.29844329402295,Group_B
1367,411.5394804336655,351.8362841267392,Group_A
621,417.0768099090169,170.8094573712316,Group_A
32,28.312014212169924,460.93141728255233,Group_B
778,607.2793971553508,78.93027576011718,Group_C
821,-17.691120575658346,175.5417077945204,Group_B
215,98.52437736578084,197.0236200189388,Group_A
1062,32.16826960570495,110.36165330672505,Group_A
327,486.7850892635831,429.8395082165197,Group_C
561,542.50264371773,338.03944556679744,Group_C
995,547.0712973420518,127.5599289996132,Group_C
620,373.3515261243497,301.7112527431394,Group_A
1162,555.2730363614836,171.54337511278163,Group_C
342,506.6605610129761,38.3515459100679,Group_C
148,429.4885495475472,455.3786098164247,Group_A
361,153.15307178233607,59.58127937030963,Group_C
84,135.77444191138972,454.6040277804982,Group_B
49,284.64998832078896,115.08699081925266,Group_A
469,444.20035279252033,450.9000749463364,Group_A
156,45.93665062559585,334.5443522445871,Group_B
1092,19.88614203491528,500.5445610887551,Group_B
1266,181.5520584412828,224.4960652889025,Group_A
1173,317.868325530172,379.8625012822831,Group_B
1477,205.1657836524337,479.13679624631504,Group_B
501,58.68738355984907,497.3122907781848,Group_B
180,-17.25761929004836,127.36107028339546,Group_A
1205,687.3788517838422,33.14089539378756,Group_C
1090,413.8448574114547,468.42774625522463,Group_A
728,78.61944750531589,453.1573300094846,Group_B
529,218.2175703163928,376.700456825962,Group_B
347,205.5375966377915,456.50429844758185,Group_B
1253,225.5956385299615,440.87694671300335,Group_B
1767,223.71597143841643,411.4349173769607,Group_B
986,-46.5274360367884,453.6526338541682,Group_B
927,39.092526747229016,456.3639868056902,Group_B
833,85.03104023827679,397.84098669278006,Group_B
602,103.30959319725162,430.8402166534468,Group_B
1158,548.6447470819754,111.25246125809883,Group_C
244,52.211882123713735,457.1469093945153,Group_B
1055,623.2936352365592,189.1299178832212,Group_C
1334,133.87240134327823,353.8172267164616,Group_B
313,35.891247559482125,444.5028204680825,Group_B
436,219.5458603485207,124.14702815910346,Group_A
1711,140.11556072093117,83.0929011955003,Group_A
773,669.1942966197093,19.10460396985184,Group_C
309,170.30433195987456,219.00606812058493,Group_A
431,158.8015133335595,251.60952707742268,Group_B
371,127.3824316633706,36.56135220583394,Group_C
567,118.6975832853812,508.49325202972994,Group_B
807,676.787129483167,200.04286687343887,Group_C
182,457.9103865100951,424.71225519711686,Group_A
1215,28.535450277849613,445.50686823276334,Group_B
622,118.8954925091036,195.6975937092952,Group_A
679,183.7465892644542,447.0061471910511,Group_B
1617,454.9967774229822,26.88804203051467,Group_C
814,49.125512672834994,394.4188809993111,Group_B
1662,536.3240124239837,364.7846853946351,Group_C
297,223.5011476623807,417.0605231830498,Group_B
753,77.32702281541961,476.5149794688086,Group_B
462,45.99142577861801,56.66892173703377,Group_C
1179,660.0579957789024,383.4242732735124,Group_C
1547,26.74818248652734,517.3950114870995,Group_B
378,650.8647994528812,26.591211765529465,Group_C
977,57.68984645387655,180.9434274840337,Group_A
106,53.1706965148227,508.0125111013935,Group_B
127,451.26577391156025,33.54408226984651,Group_C
1313,533.2200486723266,321.82060622348484,Group_C
694,17.29774482639192,489.5310733234698,Group_B
356,85.92511769471965,508.3981914166693,Group_B
1465,279.2399450142214,243.8615465594831,Group_A
799,250.20065260940507,118.0328661831628,Group_A
723,628.6203093184723,73.49606556064407,Group_C
210,12.214477529452338,385.2847118513964,Group_B
1233,681.497962483239,-3.278582481656485,Group_C
141,-31.954361969331902,473.43862224926136,Group_B
1745,702.4123818076552,20.57374586125428,Group_C
1555,340.9451276981676,471.6717405799199,Group_A
916,563.7811280597718,332.2224637672909,Group_C
1426,31.710513706804846,375.0148678654124,Group_B
967,96.7292019823022,153.5437734466031,Group_A
742,654.444730646897,89.3969284040682,Group_C
1541,97.59690183645242,393.1433334532199,Group_B
716,13.82337184897731,453.6477883343621,Group_B
711,294.8315998134985,419.4428630869313,Group_B
11,66.81557731498859,397.0272455662684,Group_B
1536,203.72506446526097,468.5711439924659,Group_B
1672,34.38594341467987,462.11458805633424,Group_B
283,-14.79796735001738,413.6225802921838,Group_B
292,99.19584833492937,436.4450805399738,Group_B
627,68.56587685210147,164.35308776541177,Group_A
1667,63.10130285885664,463.7468475951872,Group_B
713,661.7206879392982,52.51002117199158,Group_C
130,57.90888782544503,382.6889836458967,Group_B
1306,-19.20134534081944,492.6103912120112,Group_B
324,69.66759072980521,418.4365065220571,Group_B
1732,694.1641431038246,55.65153572809146,Group_C
1447,217.20271269880303,515.6066536915196,Group_B
1614,704.7110416081199,109.84334152934014,Group_C
1684,269.49602744910305,195.3294986645272,Group_A
1434,80.77452125099633,366.5621264553824,Group_B
1655,577.078226615677,483.8914641422609,Group_C
1359,67.27173322662557,456.595337117511,Group_B
1472,650.2487627223774,16.160592488644625,Group_C
1310,167.531481066781,492.96450734524495,Group_B
159,136.63470037135656,225.0358414642356,Group_A
1143,674.0419318534599,23.034819908829604,Group_C
635,11.434731961875016,238.71103459652045,Group_B
517,431.4292795319439,222.52802440463543,Group_A
1290,93.16983365217956,445.2501740922708,Group_B
598,604.4044646164407,400.9532775158263,Group_C
196,521.2218612828908,126.2822888017322,Group_C
1489,53.844635741139946,393.285951826605,Group_B
721,184.1458593737611,358.4103938511518,Group_B
411,151.63108954576396,116.113879525519,Group_A
97,69.76889779942677,283.89436715261195,Group_B
1566,119.1628327658645,392.9556080133612,Group_B
783,607.8362578146431,39.81989113150206,Group_C
157,145.30350757192795,385.8817168520861,Group_B
420,634.8707929238595,51.9717016079901,Group_C
994,49.801612238090144,430.6502166913658,Group_B
478,103.22194387077342,415.933417045989,Group_B
862,419.7122109451378,457.73678972983777,Group_A
669,418.4285721677484,366.47722171232033,Group_A
1448,187.4825059861097,451.439366974922,Group_B
908,112.91326869210675,348.0962911439956,Group_B
1177,348.872650425288,149.10636510869426,Group_A
448,300.9190576017329,40.78978037672528,Group_C
874,50.96557655939106,0.6365941142523184,Group_C
179,101.801322778671,451.3760558313512,Group_B
391,699.0539328149107,106.8371164060958,Group_C
579,172.4424754754567,357.2384579147466,Group_B
949,446.2265980929433,223.662595472468,Group_A
1548,86.52731054367366,311.13647030741106,Group_B
902,253.5793703933321,303.0819463325002,Group_B
1490,151.9370329328045,514.7214904642078,Group_B
1011,58.91801295202578,412.920950970728,Group_B
856,559.9199386894758,291.44629544281287,Group_C
1275,301.15528997430334,351.008297052688,Group_B
894,44.625805355162896,498.4159165714478,Group_B
665,39.23005197524458,423.855127656608,Group_B
143,19.318673044340738,475.38832107424014,Group_B
1428,21.517982360511272,349.6454685551013,Group_B
1291,202.79623033368927,456.09480076490064,Group_B
422,260.6771839836466,385.1101062995286,Group_B
637,397.0353911149217,356.3912906660196,Group_A
1269,636.339029748589,202.84691147546383,Group_C
924,-6.559017198900907,473.0106172885226,Group_B
616,701.2178881206909,-28.03565370078445,Group_C
295,395.4641974433623,423.7103495102705,Group_A
1597,119.54867639524969,424.7332089198442,Group_B
1715,547.9051903279313,222.5454918805389,Group_C
89,200.18590315934065,257.68423729653955,Group_B
42,58.562117375608274,455.0826285573479,Group_B
1628,-2.8360854630581525,188.4081686381148,Group_A
1743,-19.97647078364229,206.91269597521816,Group_A
132,541.4821510494105,13.958548045313025,Group_C
1091,84.51040569890496,454.9776762377628,Group_B
1492,426.18230430904646,246.1805671026604,Group_A
1115,686.3548847831677,83.38477012254202,Group_C
1675,60.97901102796094,439.6545085998723,Group_B
979,117.43328968052518,272.3292080218554,Group_B
165,672.2097815871745,23.335069492706737,Group_C
725,141.76738580753636,528.0025279469384,Group_B
291,70.32484716102607,362.0630526837099,Group_B
1709,58.68659313754202,475.1104437950223,Group_B
840,21.719958725532223,385.1718023217575,Group_B
349,48.4815288800946,505.6255512902909,Group_B
572,513.6424862252313,281.15896248738085,Group_C
944,249.8253135620975,376.864445266079,Group_B
1702,436.3385035777886,348.123908461585,Group_A
1000,168.172191211989,478.0961260775582,Group_B
1442,176.0012277580891,381.6822635991241,Group_B
1189,648.0742013960466,6.538634727047167,Group_C
845,120.16225410130905,377.5103782301643,Group_B
459,454.1403402154268,480.54745042875805,Group_A
376,51.77472394045873,473.5497514128455,Group_B
334,86.04008002390654,383.3731691178497,Group_B
1467,84.90501187688542,462.4444198801847,Group_B
1755,600.3362970137259,363.4835647969472,Group_C
1317,128.75054086810445,286.63042284891867,Group_B
1001,172.85503141068452,363.11054593637294,Group_B
975,173.38506364293045,286.32185071945366,Group_B
1677,187.73143626880835,392.2784712829204,Group_B
803,7.294998233281305,342.7140919384069,Group_B
1739,498.5057334947436,321.887648773318,Group_C
1254,59.50999087702021,416.8979548300841,Group_B
329,653.6429188335368,93.73804778242597,Group_C
1524,646.7528845683656,69.065636117287,Group_C
319,261.33060300558094,401.74747487144464,Group_B
1385,683.5450272281334,352.07628286782466,Group_C
1226,321.4836462022185,340.16725351516857,Group_B
1569,79.38978863945354,124.15861613995963,Group_A
168,160.2335508858203,450.232444961095,Group_B
13,318.4365716492164,263.5987298354606,Group_A
172,111.11863506231552,494.81403168096415,Group_B
650,46.62054721197902,369.66772081758063,Group_B
261,613.9554248776889,7.624159523922685,Group_C
1104,705.1376163766879,436.8711676777597,Group_C
1272,634.453352950991,20.041669811076872,Group_C
673,493.77220225069226,380.85337623396833,Group_A
259,59.03666528363576,421.6021773340907,Group_B
1682,29.07682195708534,445.962850720564,Group_B
139,145.41722780716157,389.0148475068507,Group_B
550,33.17425558777736,20.37312704885869,Group_C
868,268.3101340307872,432.27037792104335,Group_B
1382,647.0417317066508,9.16852192794022,Group_C
1289,302.6417819611133,486.6267300482788,Group_B
1560,116.73950155710484,441.7647048605371,Group_B
559,475.8350053424757,240.14351168529925,Group_A
140,685.5859295714534,32.06076898852223,Group_C
1656,488.53439565473104,492.65133038453627,Group_C
532,-6.392808928436722,496.7174546691082,Group_B
225,676.2067510956658,44.85489294144412,Group_C
724,194.4776356824949,112.76582449467486,Group_A
787,603.1869832397671,18.979259873419323,Group_C
850,17.314877768903393,474.5373822795457,Group_B
410,535.3763905338711,305.1437927314762,Group_C
326,67.25473045732146,448.8205071638341,Group_B
1606,16.653671108385055,489.8533168171329,Group_B
300,27.24056139824128,291.56619588305875,Group_B
1495,52.22976129545876,471.7072299245208,Group_B
1038,20.79979593875692,418.2694606979707,Group_B
964,-0.6019320717859316,486.6833950507765,Group_B
1678,149.8607190171562,191.14515720991903,Group_A
715,633.7153167184655,16.685614367776395,Group_C
194,461.2557698040157,339.64350875537207,Group_A
441,618.5003429722868,3.0071260053346123,Group_C
574,118.45759306111005,418.30311843389296,Group_B
504,71.74800999730257,470.6306500847709,Group_B
606,533.3015829968798,279.3610731203105,Group_C
1625,277.5326070796028,220.9895485037427,Group_A
1615,-1.2177043879156209,519.433756281276,Group_B
4,706.8852633041818,66.20739249111011,Group_C
1079,35.82271097517729,183.7091838770405,Group_A
1113,231.78590444140465,403.8988449308298,Group_B
468,14.630815686369036,465.7156059929983,Group_B
322,184.8736671227084,326.1996337364837,Group_B
6,672.9989003991991,15.476649799731206,Group_C
223,519.1815351458359,241.03670598961887,Group_C
548,711.9893060966925,-42.326669782230056,Group_C
229,201.48138591903336,298.8177837836337,Group_B
40,25.957558605048884,457.5607564954341,Group_B
543,197.6314466415434,237.0957365380225,Group_A
243,110.65985039646748,506.4571681366519,Group_B
1031,620.180754880999,72.27873391644317,Group_C
137,611.6063143196067,101.68064889283984,Group_C
1084,296.1736855659235,474.69641762376784,Group_B
1587,524.47585616521,75.6652070766869,Group_C
1424,95.79321742552484,388.6227170693074,Group_B
1207,654.3987719727996,-4.067374177035163,Group_C
830,181.09606803173392,155.62871471129313,Group_A
446,448.8480112377972,91.21741132350746,Group_C
843,542.222659500158,285.7075238201445,Group_C
951,77.12760705720596,527.0050089819099,Group_B
1281,394.5658870033794,186.32841198434875,Group_A
1613,432.6732049717788,377.6793531037322,Group_A
1649,541.7405652127684,131.04707832101838,Group_C
582,68.45894075048375,482.2540134040148,Group_B
1595,600.545688329343,18.7550996049352,Group_C
1776,546.8600361753776,128.7556312051302,Group_C
662,626.2531383775342,358.9330964409969,Group_C
437,63.29725097797247,437.2177348113652,Group_B
1676,45.535136705912,508.5655213617609,Group_B
377,146.5081811172542,376.588671669987,Group_B
1335,19.96410616090308,282.76124413859213,Group_B
315,339.3686141819439,339.58123964136166,Group_A
443,67.51040492267259,460.01868038181175,Group_B
1222,1.3924638676742909,451.89662783427633,Group_B
320,184.935205440164,38.45132493088778,Group_C
282,26.39632716775699,465.6199465718068,Group_B
938,411.81540977095847,163.25626633146322,Group_A
1766,85.92245937507185,489.3423095706892,Group_B
1360,285.99801807386143,264.2243703102917,Group_A
425,17.004549632384602,447.0017506921536,Group_B
554,642.6260515057813,71.35860669482133,Group_C
595,-37.80482183703497,463.4897558752747,Group_B
1770,1.012653917069258,471.4163226595108,Group_B
369,436.9853555903461,356.1329740652945,Group_A
1503,36.20544690949432,503.6845387910889,Group_B
918,-4.439148626496454,465.2728377415647,Group_B
1199,20.34435468695155,468.6204748153409,Group_B
1557,178.725050165447,429.126599441421,Group_B
1349,164.28769884584412,406.7802045913696,Group_B
228,222.6208512746732,430.6309286093354,Group_B
1006,266.9233301903204,75.84083998386143,Group_C
1801,20.36799831552821,484.5243219440487,Group_B
1433,51.820617147443365,388.4959655736884,Group_B
969,112.18313770707216,144.471705135089,Group_A
67,710.5330521654375,25.26529383398708,Group_C
394,192.7754402552601,484.4460450185187,Group_B
580,42.298958052228,473.0873019488157,Group_B
25,136.68638276471353,453.1465685012148,Group_B
212,34.528863787473234,461.5722263955692,Group_B
1733,671.2865284864026,-6.047562562500161,Group_C
145,66.0471972783977,149.62725851375382,Group_A
537,355.2182339683568,345.03486587593693,Group_A
812,596.8383098857634,300.6187452430061,Group_C
1302,40.95367117822633,484.4258152845733,Group_B
931,89.18554399904424,397.53927823313336,Group_B
86,316.2907310871271,248.63836197412377,Group_A
1629,674.6894418117492,34.77653738913318,Group_C
273,124.56875047261804,157.72512478961852,Group_A
1379,108.169041724249,445.1337341920647,Group_B
1076,249.66319864783057,138.81064321077645,Group_A
1666,515.6916628405712,156.1199942280639,Group_C
1631,145.99320672810438,467.4303104982776,Group_B
631,463.8037266229776,203.60118970473349,Group_A
1240,21.25753678240907,484.5112247339295,Group_B
1689,196.47109185344647,393.8109285965839,Group_B
1393,56.282295108551054,419.0314160866732,Group_B
1795,183.84099599085948,155.80557539422006,Group_A
1042,47.8174491542559,468.4164638862197,Group_B
506,697.9323156882327,32.74229659892717,Group_C
274,561.1796549237249,68.96517666147668,Group_C
1245,153.06780819616787,52.45307582138889,Group_C
1190,102.87336993952368,460.3327446284748,Group_B
363,180.4570168302853,157.99889207628917,Group_A
1805,186.42497588677668,381.5964646291677,Group_B
623,213.363424889482,270.1495995344896,Group_B
3,233.38266182735688,459.21362189885247,Group_B
7,143.998799548904,472.76973632993065,Group_B
1007,125.29300005390648,485.7361310708055,Group_B
312,686.0545812896443,443.1023852988542,Group_C
1223,40.530542348900525,451.4789717062079,Group_B
932,48.07805326928247,315.2081814078043,Group_B
666,604.4531991467095,80.86367133999869,Group_C
365,438.3814363536903,32.63279700661394,Group_C
1779,531.6659531377185,371.7087716468993,Group_C
216,134.08178181646363,309.22164374100305,Group_B
963,9.098928634781828,514.3308234720344,Group_B
28,82.83571025635077,451.9389889950257,Group_B
1297,140.17039280263867,421.1415540696936,Group_B
526,9.99044437393288,457.0792474391184,Group_B
1657,153.2760228203094,351.2507627586887,Group_B
1574,635.1306789389466,93.50005204705366,Group_C
639,584.3405202661576,227.12085556080285,Group_C
303,621.7683303523561,-3.618156877767035,Group_C
719,646.1532624709326,280.7909669871118,Group_C
692,686.6424952946581,-19.102432731828458,Group_C
1418,92.1621690770042,169.9207579414043,Group_A
1229,93.24740845325422,383.2601083434785,Group_B
625,210.6672118354093,392.8057296152701,Group_B
8,8.60191891310982,433.0563720045039,Group_B
257,619.6502209754203,32.17882757509295,Group_C
804,620.756536114834,500.6097936654754,Group_C
26,634.6758649671744,77.84834321517036,Group_C
337,147.34963147639863,119.53653822093104,Group_A
573,23.471543417574544,519.2192594300736,Group_B
48,63.607916229106,403.16811824987553,Group_B
1337,449.1392339473356,315.86646091184974,Group_A
107,4.22265996520877,427.2449088734467,Group_B
350,669.3627764363426,141.15317458396504,Group_C
56,50.74053398100146,490.7722742066808,Group_B
239,66.97710805703434,389.8040902632496,Group_B
214,144.93831427290698,345.7242753910129,Group_B
121,51.44855746886827,425.3393399927021,Group_B
1138,59.64222731305845,452.3329517662248,Group_B
1134,34.629886193017825,458.4387636297428,Group_B
794,431.8189834851142,-18.37344784593484,Group_C
73,631.8965286729017,409.4014050961607,Group_C
923,19.651418193908587,521.7357743483967,Group_B
813,29.67929520123857,347.7372951483528,Group_B
1561,665.725522269129,-24.704404267574432,Group_C
78,492.4345075486938,383.0333161355668,Group_A
945,55.625204467150965,496.09229882377485,Group_B
1674,85.27297291285328,447.6648982525276,Group_B
46,618.5632883726282,171.6712750171505,Group_C
1782,297.333111971211,151.57853904178614,Group_A
524,217.53017517782337,469.3445326155944,Group_B
233,672.2819240318489,161.63813777635528,Group_C
645,18.40046834279018,463.2091987798947,Group_B
1510,241.2993384894878,402.3108947560933,Group_B
1611,97.84533697983038,451.0828059444112,Group_B
1085,20.398638486882056,367.08368255242334,Group_B
534,37.6119676432574,477.8423491794033,Group_B
1471,243.09784943705137,99.8964131772076,Group_A
1365,53.63293254233142,470.4238321150536,Group_B
604,575.4075487526142,50.70581813377515,Group_C
466,10.182533529414748,479.8682517807049,Group_B
1610,52.44410323088006,406.2974462416192,Group_B
789,632.2805769774284,25.08748824887948,Group_C
1533,82.85546413365485,388.0302784574949,Group_B
1664,351.20188941770783,449.5448354335407,Group_A
1180,74.85655302858365,477.3910794504182,Group_B
61,388.0921767937708,470.3373133397888,Group_A
1182,670.1562334214766,34.49098838047729,Group_C
1145,29.96534611640911,424.6640040391338,Group_B
93,30.0277361394054,384.1432263660204,Group_B
667,227.60211295174847,462.616771079148,Group_B
991,6.840597128003608,467.2639599135734,Group_B
1752,530.5761359187144,94.59338562717367,Group_C
195,544.8344882125713,154.9232334567037,Group_C
281,130.07231624589616,515.5727136895644,Group_B
696,168.00964734503543,403.20792288862833,Group_B
1710,613.4359779256475,471.3942777609181,Group_C
360,505.0953206516341,118.20795858658164,Group_C
1027,138.22001571464511,413.7753513755228,Group_B
520,580.1475131785763,94.3838050819072,Group_C
1299,64.84326795365811,407.60029447621525,Group_B
1194,48.71331655543434,379.0196326828213,Group_B
1008,71.53284274989241,403.5908915854477,Group_B
1691,57.31102523502607,465.39272393611816,Group_B
848,89.75634291412013,346.8338077948988,Group_B
183,63.92734714687112,313.5591146575534,Group_B
1234,64.17045934663884,452.3112668276467,Group_B
1308,448.66770028716405,398.5129012560348,Group_A
111,234.4768323949043,473.2267734181378,Group_B
1108,124.61735612444556,276.09731069501646,Group_B
1135,12.675685262976948,85.60768144972064,Group_C
1112,671.1306098349348,16.222763536087257,Group_C
43,62.696708780266775,200.0400745361615,Group_A
747,50.65251405836488,488.0840236085391,Group_B
126,705.3131688305987,185.0070504118836,Group_C
205,440.9077018743288,47.4406643148335,Group_C
1573,222.8708342046564,309.9883870527576,Group_B
53,699.2278724462233,24.466765490332875,Group_C
1352,51.7275238045416,479.8858178181965,Group_B
546,212.52287872811004,147.47499245804602,Group_A
69,396.039218381261,507.4660942377228,Group_A
1034,28.81215071828835,419.50916805374544,Group_B
1273,102.71195328452843,300.2685519876478,Group_B
508,429.4111296359266,199.9424517091485,Group_A
1400,178.66638785516463,456.71171535221225,Group_B
330,81.18406844339982,492.5554139690672,Group_B
1053,350.3049819614525,147.4607313671093,Group_A
184,83.64382324715402,363.3776359355571,Group_B
138,64.15146116231203,479.2587644849981,Group_B
900,656.7176451905104,248.41905246322773,Group_C
797,697.3334811473502,5.144981621154784,Group_C
133,55.96944246582934,483.3632379245241,Group_B
81,554.440256719708,39.19216826361844,Group_C
1395,129.57964267973125,372.2653989079142,Group_B
542,709.9508476793795,378.1157332341808,Group_C
1445,251.0139668806061,157.91356874715484,Group_A
984,535.7421644971043,258.0276236647354,Group_C
166,225.9140709923995,230.3995861508681,Group_A
249,642.3236468509836,92.76256040350768,Group_C
447,4.810709419874549,478.7793033830301,Group_B
1461,3.9443899432411698,503.4891626956663,Group_B
859,63.83541476730382,507.3982174423879,Group_B
1102,4.110128716588335,476.7679535254829,Group_B
98,118.95335092879547,17.29019751381594,Group_C
1780,47.94347376172645,317.0692332534357,Group_B
738,386.45638350034807,430.1924455025611,Group_A
1139,166.3583033310598,412.6903459364448,Group_B
103,81.49630510215633,349.9179765832089,Group_B
435,455.6663533083658,452.8226659645087,Group_A
75,571.1981567859217,87.95449763173485,Group_C
1620,188.5326842740714,195.50404992638795,Group_A
1210,213.83640989607167,237.1110050901129,Group_A
919,538.9738425168757,257.097579593412,Group_C
1552,446.0496791003744,323.4661236272691,Group_A
1515,52.83883429321826,526.4885866976856,Group_B
1469,614.7204446733409,56.2262149825138,Group_C
763,148.0518952998882,427.3367040115392,Group_B
990,100.1883975410712,477.5674821443175,Group_B
389,312.7305851628787,348.0825181633712,Group_B
236,-17.123015657246015,481.5933842762685,Group_B
268,269.445604756685,318.90239286489776,Group_B
1080,126.6900586364705,72.687454169523,Group_C
118,677.0670534687405,100.34596540957888,Group_C
1455,9.96033978705672,449.8860389999357,Group_B
674,665.3307128956177,55.867636224589205,Group_C
250,567.2312895791943,229.38100298163653,Group_C
1405,372.7792374667512,495.2523061988803,Group_A
95,63.81473832057109,25.21516582941331,Group_C
34,675.2347985658356,29.44122172193505,Group_C
1323,34.97752542487958,470.3264683670265,Group_B
1513,56.1256908217422,210.378250528734,Group_A
449,666.8772825708278,27.26239059894118,Group_C
717,293.62140410585334,460.1459323550095,Group_B
1146,649.1151724231418,5.450414340958048,Group_C
1374,562.1676273901481,74.27730210603352,Group_C
1,167.8486644355168,363.1986388292764,Group_B
1650,-9.10359997408804,446.21638690624167,Group_B
83,747.5690338442462,59.85652412515248,Group_C
1203,327.00278694817035,161.89154512536868,Group_A
677,635.2910717590323,164.1313481932915,Group_C
1311,654.5799163670982,48.50551167055909,Group_C
1047,530.6223876863257,211.63033187304268,Group_C
771,347.8966046767179,316.94487698999274,Group_A
1106,78.94215316253187,184.1111611781737,Group_A
1161,41.70439871393579,468.14714082970016,Group_B
1432,603.8116514462976,249.13629170873665,Group_C
1346,72.77191351101557,459.4791232117082,Group_B
405,627.7966785539782,31.49531286078241,Group_C
1565,668.5325816401618,28.023026277798863,Group_C
1176,660.0779252760717,40.52027510607189,Group_C
105,55.50130996346214,462.2448190850762,Group_B
689,264.68963123069454,12.141875497868682,Group_C
1690,365.3144166042089,39.75411371117463,Group_C
827,529.368742487465,162.87152602258834,Group_C
63,13.968481151834816,500.4435915521887,Group_B
853,348.19093060857955,180.79833799700327,Group_A
1221,139.626826255291,370.5304324331465,Group_B
224,647.8888664701435,64.41991592559413,Group_C
146,684.7627494087413,-6.654518403672853,Group_C
1089,125.8950826245678,289.8822905488282,Group_B
374,249.0798849626828,226.9274794722906,Group_A
1282,111.9014046204971,405.0106820161586,Group_B
1651,526.6891789529637,20.0074916583676,Group_C
1351,435.88550061026825,10.079800193219626,Group_C
1450,38.8598371165242,466.0746964420298,Group_B
1152,-13.387635080617706,529.2779204575467,Group_B
10,189.70752022317475,436.153204869657,Group_B
450,71.21357489039505,484.8875573460032,Group_B
709,84.73032897382866,462.5449649575036,Group_B
256,236.8977861011797,393.67267756563047,Group_B
883,464.13841994252505,278.72546816503905,Group_A
390,40.534309992130346,236.9582019877982,Group_B
909,405.0191887742943,386.5880398445463,Group_A
925,47.182916790630784,435.77779585771873,Group_B
1545,653.5155606313938,39.18397839942304,Group_C
1121,671.8238922468812,45.49870919646765,Group_C
461,603.2832973355993,19.19504311642936,Group_C
1332,369.9350194928509,434.1828654168563,Group_A
959,527.3663857323338,314.1276024452426,Group_C
502,108.20386374120966,474.36588533281673,Group_B
740,637.0180432961406,-22.031494689274385,Group_C
1671,-37.45656950501856,471.6340525080588,Group_B
869,314.1304327416454,251.46055589256284,Group_A
732,-13.349968662443684,264.6112109243363,Group_B
540,661.8425022360876,53.05595544371647,Group_C
698,664.6926032726017,325.6295183434547,Group_C
1589,-14.865203803624262,417.2805790376795,Group_B
1243,5.354468676108571,418.389457498474,Group_B
1032,63.96804600732485,420.9589584920967,Group_B
373,301.580700327418,120.74144972889064,Group_A
668,622.3341263238802,402.2842766021045,Group_C
1381,611.5916358404091,60.38177407076307,Group_C
358,17.89826709213644,486.5491263671781,Group_B
968,125.03535272380354,402.7830977961692,Group_B
784,175.49984570703225,182.55688275989405,Group_A
736,204.8731791266608,356.1340878579814,Group_B
1036,496.17548929093033,342.4957619565188,Group_C
971,15.34052760684724,498.4883970751541,Group_B
1380,76.69084119125962,290.1277796271244,Group_B
1344,43.17813763164367,463.08824640157593,Group_B
1348,241.1458312128489,400.045367555938,Group_B
1546,46.93134198095149,463.35809137485467,Group_B
1556,532.7262054584775,41.46157107462847,Group_C
886,238.6119531477725,443.6748424480473,Group_B
80,588.8741013413967,32.70024492907936,Group_C
815,83.29141621213242,180.27316494400537,Group_A
1165,595.9261964630855,432.061143768709,Group_C
672,675.1177780029833,22.839376147670578,Group_C
1387,52.46756315843149,379.3543375794708,Group_B
58,678.7715960468013,492.0503373351762,Group_C
134,543.3670535151701,348.7370236924764,Group_C
1141,563.9122536116347,489.0947526276319,Group_C
934,16.200520735445423,439.2494234543056,Group_B
1527,131.6089306976657,370.39091972980026,Group_B
824,693.6258061202707,20.018707558300264,Group_C
505,456.3964017294698,328.38629669092643,Group_A
1605,227.4794526211477,125.23875801702376,Group_A
348,71.3389411409073,124.12162696196248,Group_A
387,367.3980024929434,179.34013783050267,Group_A
1025,20.17946560291376,417.7250323678719,Group_B
895,25.17005086714496,418.08504357531945,Group_B
829,261.8032038678791,364.83958815742346,Group_B
1764,129.22080912168528,366.85790714445307,Group_B
476,563.2575943411338,60.00837605118903,Group_C
1330,205.522915803254,318.4669173943581,Group_B
1262,55.80808228729212,423.12865864365256,Group_B
653,547.4983440329006,346.99400807840715,Group_C
173,105.1456990749223,146.72764236062716,Group_A
1150,695.3352581732038,20.664475641977504,Group_C
39,657.3781261923757,182.43251760882816,Group_C
714,308.9265894592374,130.40732346686826,Group_A
91,254.62893494652536,59.03869633952979,Group_C
1746,64.93523747743734,484.2703387641357,Group_B
876,44.40749374088604,452.6823119371429,Group_B
1470,70.8896599041772,515.801866806687,Group_B
1094,233.51753238595856,116.36100816074742,Group_A
1156,74.23198457458037,205.7700424325956,Group_A
1230,27.12387530561602,417.0067853909719,Group_B
1765,43.76658030984453,477.915847965161,Group_B
500,38.36757037401739,478.79795974524217,Group_B
339,257.0221795837543,207.77730067113333,Group_A
29,99.8681152155863,452.5040983662933,Group_B
1781,576.3787655400002,199.17787383013564,Group_C
1645,158.8851810013183,290.82520436661,Group_B
946,412.3737707404025,31.17358740970048,Group_C
170,37.82138661523869,463.45146388713,Group_B
913,33.676932667430535,491.5524280388805,Group_B
492,418.9543733862016,96.92972109126993,Group_C
954,-5.606708389548203,451.306744350768,Group_B
1098,151.85401964250647,172.5404320765128,Group_A
1033,275.2977784508091,201.7983978431065,Group_A
588,88.97555783381269,265.55082145575545,Group_B
751,264.4664199059327,409.2634060400224,Group_B
658,320.2718167555374,369.339073325246,Group_B
235,48.749774145304734,543.5666449655877,Group_B
733,117.27551115778913,288.44103265415185,Group_B
1731,596.3602827484265,49.59197061094869,Group_C
1157,62.85002099888027,37.23394071537928,Group_C
1329,697.7511205968257,-35.17683740713926,Group_C
1475,187.85797745265387,470.5157319380594,Group_B
935,590.6351955303384,309.64429518544625,Group_C
1066,618.5967443945708,86.92329409969926,Group_C
109,6.79030057673485,479.5569419824652,Group_B
1396,531.0928518023884,294.69097488192244,Group_C
569,32.95365882460804,491.5599166868468,Group_B
1168,61.4438046721007,315.10809581250805,Group_B
1175,412.4812037439692,15.575498468748322,Group_C
891,704.0270106897323,-23.53318186350998,Group_C
948,639.706017631777,94.04622849108664,Group_C
1049,560.1194571152795,416.4959767651698,Group_C
1250,65.9921134543751,412.81929770483225,Group_B
1238,79.84969385548195,422.5844513938542,Group_B
1454,18.022981997335336,407.67527888603615,Group_B
885,552.56660080179,292.860325814046,Group_C
1517,90.2160597936995,431.81045376309737,Group_B
851,295.8198339395734,359.1173551761187,Group_B
735,681.1344852042259,12.812084579665113,Group_C
718,62.13847263089807,431.74660601541103,Group_B
455,141.96151378138498,367.1302304571372,Group_B
265,704.0499045460608,48.64629475446111,Group_C
76,44.02374584450902,176.35363146440812,Group_A
445,19.93469909433871,495.0036308145167,Group_B
396,25.99981773628136,476.1771522802585,Group_B
177,756.0372339540088,8.11843651386721,Group_C
1043,341.3535985878999,259.34542757300585,Group_A
1572,3.4697605942572736,482.9266917520081,Group_B
1635,-22.81864205013002,250.94053354400205,Group_B
1246,614.8511200657417,1.2105719530264878,Group_C
596,480.4978111052122,68.65797134593612,Group_C
62,83.88008564597868,406.6086449235659,Group_B
873,210.02186257982672,489.274602351799,Group_B
1408,48.27727699291875,426.8153345207137,Group_B
1696,175.96195335731755,232.2189910431001,Group_A
279,354.5002300785605,278.15857035254885,Group_A
37,51.592653002648085,478.6659954987351,Group_B
1608,92.29808131541888,451.61570959316015,Group_B
663,28.749925227175343,446.5148518730685,Group_B
1632,290.1745984158562,322.7131984922441,Group_B
1305,25.797697961529824,504.59525559316353,Group_B
978,493.8037540254758,193.26705584755143,Group_C
1423,69.27905722113445,40.12361833490172,Group_C
739,16.502393372775956,501.0729528495766,Group_B
192,701.845881606557,320.113331559827,Group_C
920,642.6457254385597,260.0670763996735,Group_C
457,650.4464089792081,106.71147390369208,Group_C
676,688.5495063623757,-10.724548903139237,Group_C
761,91.05620225422884,473.2389905550304,Group_B
1633,389.7653911793068,501.2413871420067,Group_A
729,137.43537222180257,429.7717416918832,Group_B
413,135.57864468416017,168.3009722967725,Group_A
1099,203.9429181993488,519.284074161701,Group_B
826,-1.905176981005124,483.2251209521031,Group_B
1353,157.7883199250985,432.94039390706655,Group_B
617,624.9787601319879,56.8861363067748,Group_C
115,618.749648874964,51.80305460415474,Group_C
418,584.182589813019,127.06696251897353,Group_C
1721,61.52488606499601,497.5726904595349,Group_B
970,46.11985748846311,266.0926611025435,Group_B
605,464.0961458711815,408.3264862171903,Group_A
1728,33.98716409782415,434.6819092789894,Group_B
90,517.6107075813716,434.2620887508125,Group_C
849,674.8935426298864,29.11153311706448,Group_C
1376,539.9938737816799,101.94281367001167,Group_C
1727,96.46981008858084,390.0189485774272,Group_B
754,635.5259778624559,70.96931080858451,Group_C
499,4.531379344928361,507.1731454897281,Group_B
12,282.5904094629248,23.64792859937512,Group_C
397,13.26272981725067,492.3700829154391,Group_B
285,382.9141864538696,349.6401956271221,Group_A
1067,21.83015229222265,300.3460858618438,Group_B
1192,695.5847332332286,49.27039643733775,Group_C
691,34.400430366192694,456.9253167393897,Group_B
1478,308.9423624653368,180.59783574849047,Group_A
1693,87.0012306892708,473.30969235654754,Group_B
690,26.8406394875504,516.6939746051402,Group_B
852,69.94943358563307,411.6209314054104,Group_B
160,34.070767863263185,502.8174013856186,Group_B
896,271.7660759495013,40.322665552657895,Group_C
1564,612.5575392950599,370.85725143902806,Group_C
258,61.80204861363787,460.8633570495339,Group_B
336,35.430873849204666,447.5049528740816,Group_B
1697,273.12842342681336,410.74850200138025,Group_B
1040,40.92556877660597,374.4031100296171,Group_B
516,76.93751336672463,461.8202844942069,Group_B
1016,164.5533197359774,17.93716240765275,Group_C
769,142.30786203281056,327.7845520095647,Group_B
1581,108.6084070416341,180.4415931266901,Group_A
762,-1.2927897771610155,495.2932790497134,Group_B
1247,101.31299301854988,425.1960720454847,Group_B
1204,400.354578803265,299.7258290017545,Group_A
1327,373.2977031631325,360.84412564703393,Group_A
1790,68.36494794796268,77.65510224610017,Group_C
522,660.9146536696419,368.7034797856123,Group_C
23,458.8902400438101,366.6860860512552,Group_A
357,101.14807432268006,144.1119797986389,Group_A
1278,616.9431345669067,32.05535449872838,Group_C
1526,77.34459610769665,443.2629311621676,Group_B
341,668.9565068810987,151.23640098260535,Group_C
432,83.63894363911565,113.78903319855948,Group_A
474,64.21556638710629,378.02455851220975,Group_B
218,525.9750106223948,359.09219074830986,Group_C
912,42.06855509504325,477.0110402558957,Group_B
1228,15.941773987305872,463.20905785444575,Group_B
1491,251.28347093085645,145.94167540963417,Group_A
1012,650.3167175543508,34.173393855536744,Group_C
1757,55.09938826272908,481.1432650994261,Group_B
94,730.3688709769497,66.1540458780442,Group_C
1009,80.73997188109558,280.64271648438216,Group_B
1071,98.55327218817452,397.3340737367204,Group_B
1093,36.65831488764427,466.0541775277702,Group_B
1437,569.6493830154737,87.86502921280982,Group_C
697,115.06452678900958,429.8772169385945,Group_B
1621,37.56938297377642,442.62140997338696,Group_B
997,269.9773864965977,379.5077668682435,Group_B
154,690.9126258956353,48.61707233899074,Group_C
1100,405.8636688097076,70.39817260922763,Group_C
1559,678.4171504530194,37.422004883375735,Group_C
1804,58.45843762277809,436.2198503002058,Group_B
790,7.576788698278083,512.6786619281208,Group_B
581,73.82761198664798,415.6903923941985,Group_B
704,96.39811381478194,451.06786313118965,Group_B
1213,189.65104508194057,196.1411527613392,Group_A
1296,336.5815989971065,478.2208298670882,Group_B
1511,434.66459658817513,386.39817442564095,Group_A
1261,24.06665503343616,450.83976813265576,Group_B
488,63.34855122454363,441.8181236446128,Group_B
560,382.7472823644267,334.9660144103433,Group_A
1142,752.139536792771,42.508381501570966,Group_C
1120,382.12339563460114,293.00363892638643,Group_A
802,221.9795221764104,145.03274753350752,Group_A
513,430.67355767949607,495.80104028228334,Group_A
634,41.34867171800004,433.87843780044045,Group_B
1336,410.1653335881176,394.69787043018266,Group_A
1616,334.4218359891983,75.15340983673912,Group_C
1151,667.1387578275225,65.9292918637035,Group_C
791,67.46751924838237,386.0364366667032,Group_B
117,544.4787653176212,72.44878336245824,Group_C
741,725.9151896849183,41.98287981964688,Group_C
1082,430.6008208288366,370.1913642996528,Group_A
831,195.03189839640268,362.7836309693688,Group_B
120,630.4637502333043,307.83769423368915,Group_C
657,489.8991151138082,143.4388534536198,Group_C
1718,18.481303266898426,457.31551346470405,Group_B
636,26.569984643368294,446.9223054067694,Group_B
370,50.99031708369356,460.109364122064,Group_B
269,657.6075747014095,304.56973997047635,Group_C
656,380.3526774365984,14.579898707641007,Group_C
936,4.7801999436725175,450.6169553410019,Group_B
823,614.0656682971265,52.79001315210644,Group_C
867,140.28962339523036,62.25504174182527,Group_C
47,687.0551086024897,41.85305856799823,Group_C
1549,30.10651514492342,288.45484672838256,Group_B
992,681.1761729407818,394.32622161761935,Group_C
877,691.1916768280864,9.643748219904808,Group_C
774,315.7560398683156,323.25448626609364,Group_A
1220,40.32603419093928,462.32761647117286,Group_B
1806,191.09329047947125,225.13614429954777,Group_A
5,159.8411962543359,4.954948771751958,Group_C
1004,627.2242330419085,265.3096572512693,Group_C
1562,92.97202762527334,378.082686093336,Group_B
264,81.74278647111797,451.9884777099924,Group_B
1421,31.90901890974077,481.8371360299141,Group_B
1654,210.00215645814305,336.37035680444814,Group_B
444,100.30266110437054,474.5098393381656,Group_B
1003,741.4000193353979,476.1754156284815,Group_C
1078,186.60738829268115,133.6413587832414,Group_A
838,204.43355090378924,400.63448700013873,Group_B
1619,58.55388290353437,427.5883934277838,Group_B
305,64.85515374151335,401.4985942903129,Group_B
1366,186.3812967684809,31.77238784805872,Group_C
1603,180.99541345867829,465.7894201272629,Group_B
314,456.7319178588272,296.87927582553874,Group_A
150,639.7158227993299,10.686171623065093,Group_C
1149,111.28512502450388,423.8491670078258,Group_B
1214,58.29656829161489,455.2006778867863,Group_B
575,90.96941466096546,378.7423763694886,Group_B
51,73.32265650596754,431.3229097589448,Group_B
1404,79.61588455574721,453.2484063816249,Group_B
727,377.148559771755,263.1101651129593,Group_A
834,46.90986606229841,393.19051769936937,Group_B
1116,113.62985835417072,459.3597836981384,Group_B
1167,210.11965244098025,34.77649312680035,Group_C
471,48.836823878432,436.7608560851821,Group_B
972,28.28899733789743,464.3647865857128,Group_B
654,435.2370365143052,313.172019751153,Group_A
400,671.0905399391747,1.3023876305582576,Group_C
512,-3.7847604406583386,252.6049315509808,Group_B
321,34.52714761847343,446.8587655726001,Group_B
20,326.2365674446493,391.7703711217786,Group_B
685,582.3354846282435,375.9700645110314,Group_C
36,60.12286497325032,210.8227695375396,Group_A
903,617.7775579727087,59.04090896857088,Group_C
828,109.24219616036102,21.17522951305085,Group_C
1624,113.10473287937506,441.2104206151656,Group_B
408,615.7322773282636,34.09397234434806,Group_C
921,494.8589982328206,108.62322502182631,Group_C
538,38.57186876684143,476.996403882257,Group_B
759,579.39970544534,67.74717766672842,Group_C
1063,644.0162608066166,48.79899734543278,Group_C
1200,475.5149464769625,94.4301496333062,Group_C
246,602.577439602907,228.00180221813144,Group_C
1128,647.8810778666636,79.4725190144485,Group_C
785,245.68965021334097,306.09690585314064,Group_B
490,20.58319482011117,455.4055967619109,Group_B
155,443.7480274785889,60.51139186601097,Group_C
962,659.0997980016105,15.137822939642833,Group_C
854,683.9757189608997,53.966328524287405,Group_C
1312,70.02990395525566,474.924189461708,Group_B
626,148.39639517541178,370.7465076803136,Group_B
686,329.72763990950136,353.67932566426623,Group_B
1413,520.1794965617931,30.12158956946672,Group_C
570,85.96727602734597,416.6689891841992,Group_B
1719,672.817320348569,4.435598238278772,Group_C
18,116.16290781502632,419.4466056171965,Group_B
128,73.59759504443824,247.4395412375341,Group_B
1347,315.1933658229125,76.00013235724538,Group_C
1280,650.4490992485055,104.76039991313598,Group_C
1775,712.3511283131604,377.9361454718141,Group_C
928,177.66820158843893,273.5198950683561,Group_B
981,47.41191717479757,218.4324638649867,Group_B
1771,694.4607487115647,-14.393400484129984,Group_C
191,-6.79505545718693,498.1589483913461,Group_B
1140,710.526724376049,498.2309973422781,Group_C
993,164.29065850184293,80.85854961123607,Group_A
1762,89.63948496027788,427.9136697828443,Group_B
1502,722.6573480249205,36.19919554760844,Group_C
607,448.3390632421192,56.086671667944245,Group_C
181,210.1258446759012,278.42267456306115,Group_B
302,698.8235622102809,47.41228061633785,Group_C
497,713.2059340617571,337.5313102044726,Group_C
1537,-0.1758050444251893,454.61253422627374,Group_B
1550,11.169904063780912,527.832720951373,Group_B
1507,324.63466505055817,144.11275575859906,Group_A
1798,574.851922921713,7.109582954251778,Group_C
518,479.10374746407945,324.48839628276926,Group_A
1791,275.9795911218422,440.6146942195816,Group_B
1070,684.502086207391,50.15959662517844,Group_C
477,3.2541481040988387,436.4152980148988,Group_B
158,556.493976825677,302.7356692301071,Group_C
1244,658.7785192672227,155.58089213862905,Group_C
1196,436.8519462956953,383.5660083949919,Group_A
17,7.615308452219234,431.58389843939926,Group_B
1073,596.6452302874691,202.4694397627204,Group_C
1778,6.333918077354409,128.52743567002568,Group_A
547,218.8495525160792,207.3359285676509,Group_A
659,14.567868822531471,525.3207312513449,Group_B
1473,633.667787748206,437.2226975534968,Group_C
1020,19.14524106940731,502.1282193269056,Group_B
1508,444.2679547600678,391.3922056850572,Group_A
960,-17.9561766040776,357.3593935451237,Group_B
1699,38.323973031523465,448.4888654958463,Group_B
284,722.1759145014329,23.958767594923927,Group_C
798,42.64907318660852,449.4365944925124,Group_B
1474,588.3500081368121,220.35521309397848,Group_C
226,91.62547568477687,389.2542990577251,Group_B
27,195.0039301079084,401.1150791615386,Group_B
1601,170.27526665774226,427.8204879635349,Group_B
438,167.50406322367883,407.1854230565575,Group_B
1756,209.58034313483023,202.78196735076423,Group_A
1389,85.16357506958542,351.9590402247172,Group_B
230,153.34579745001926,113.16259940204692,Group_A
38,74.28463090517843,475.7685211819492,Group_B
750,143.89889918571055,225.40504119581544,Group_A
1046,574.3603944722292,61.49200335091257,Group_C
1399,250.5854490842925,-1.7579820015736232,Group_C
470,16.657021460001427,427.3587148133888,Group_B
1641,168.76510943374726,421.81728761629,Group_B
1774,630.1475234111648,-38.11106092220393,Group_C
688,626.1617499871065,131.1380613809945,Group_C
1665,655.9732635639045,65.0016331779093,Group_C
640,56.498525734452464,500.29115740455416,Group_B
1553,666.3150613814921,-25.80779754899595,Group_C
1219,46.44014853402477,268.1431213103604,Group_B
1159,46.46131130934808,413.30789322710257,Group_B
1416,86.9795803466054,456.6940977548318,Group_B
1717,217.9633815594284,352.338871758971,Group_B
1301,88.82196270015052,419.82286498915175,Group_B
1647,523.3860036994881,140.56508165919053,Group_C
801,561.6724203079877,273.1483985705794,Group_C
161,52.18923620295813,179.79679052518566,Group_A
957,624.8362667652373,70.42329943558997,Group_C
1187,263.2995079828566,309.2249087314216,Group_B
822,57.96095376294615,378.5268339924867,Group_B
1525,663.9955162345994,76.58087672868925,Group_C
878,37.16335336715402,451.4068837295611,Group_B
914,229.1690629187185,418.1726585204281,Group_B
153,421.06100211478696,158.62566639961528,Group_A
1659,26.9630664912234,167.5810935145032,Group_A
510,91.37173350412982,471.002045649694,Group_B
1136,683.3083035215445,54.32626727607772,Group_C
1251,400.2300644530512,448.5886507156416,Group_A
1750,254.0534011496053,127.63961983384166,Group_A
104,601.8292288880548,45.239342445444606,Group_C
1446,504.83377575147887,242.505007587975,Group_C
1444,434.14990143878816,467.9919515813768,Group_A
587,518.8668843081974,322.39795633961114,Group_C
1638,439.1632776626463,344.3588682692249,Group_A
1144,550.8763242476657,91.338171003769,Group_C
54,36.11317308113208,458.9698747294457,Group_B
152,123.19932189451124,427.4039884693263,Group_B
404,168.47771724001808,161.0046587131659,Group_A
1751,115.00596792693652,496.274948338745,Group_B
208,552.1508074603128,315.24166403468485,Group_C
1708,705.205720420964,8.167839620084123,Group_C
1123,154.27345016370063,413.15159918523295,Group_B
1584,93.72680561586772,283.0221706948712,Group_B
9,144.81407639859378,117.7213648797598,Group_A
1015,26.319029561274405,527.0445759972187,Group_B
1623,121.0563201044926,470.7977175139687,Group_B
1061,649.335057546785,36.61573096326697,Group_C
453,-10.391992331097509,446.8556962933647,Group_B
254,42.17549349657709,288.6929655033247,Group_B
1328,579.4283824775622,24.688250299431783,Group_C
897,107.04747135031111,257.6130210559413,Group_B
1570,51.27253187467139,372.50811217042303,Group_B
881,311.92896227986586,22.033320108303315,Group_C
1703,-1.1490009830178138,133.23723116496404,Group_A
624,383.0349966000916,51.9389184409647,Group_C
346,376.29048468050746,446.7793218157866,Group_A
1544,668.7309552117421,34.87823855808881,Group_C
263,179.83316240390755,449.1414947851032,Group_B
1322,2.86127088908448,510.6166660322968,Group_B
1439,670.746270130506,384.3845284354943,Group_C
151,50.988091055395415,519.4191842771567,Group_B
473,171.06862902682502,436.61388929929177,Group_B
641,483.8594197046328,99.32588667972118,Group_C
1789,652.771301391092,5.695705179657637,Group_C
1700,616.303754799522,6.256232322601136,Group_C
551,11.317052945301455,440.1174293868144,Group_B
929,585.2171820504997,458.1114510929178,Group_C
489,232.59722104372992,404.58593998078726,Group_B
1637,150.00436995583374,459.8174090165985,Group_B
1172,126.7344370736401,188.07533942947416,Group_A
147,34.547337228008246,433.66404574344335,Group_B
1738,57.66723850849316,443.96271232434464,Group_B
403,397.2733429219677,78.10037524051268,Group_C
955,31.15825478749869,425.5482972861853,Group_B
1695,226.25692012847145,419.3679973834711,Group_B
660,134.12747300323517,236.01162699338488,Group_B
1373,575.9432642856154,3.0080627236936266,Group_C
464,345.43376341279526,357.59009011511296,Group_A
1350,48.725217264905,442.986375667448,Group_B
187,421.921938733702,99.154910562199,Group_C
1148,62.31677201508472,479.60833239983793,Group_B
1225,710.6652339554586,4.729922281120537,Group_C
609,131.98000358695342,453.68520196069977,Group_B
144,42.409956508204246,453.1715431945048,Group_B
752,693.7869191319705,-4.554909141170356,Group_C
1535,672.7404799156184,40.71408039182472,Group_C
982,40.90102271338847,457.5920964802394,Group_B
198,236.1993103927706,103.89911942846057,Group_A
884,52.24931318559564,-3.680244612425384,Group_C
280,197.2858034542131,378.3075926421903,Group_B
294,671.3994256188759,387.0051125048036,Group_C
1648,39.0057228284384,501.0039429847682,Group_B
401,287.78480398724565,37.11829415825497,Group_C
123,43.285797386980185,469.1150114410476,Group_B
1208,81.80123757349897,484.427259817407,Group_B
203,400.837383671614,472.002502476958,Group_A
1463,666.8245232153431,56.47251102716808,Group_C
836,50.00647683727495,435.08537334545474,Group_B
247,627.2559686786939,70.42288434183297,Group_C
1440,175.8590722657828,317.1519270960524,Group_B
1714,86.54086008461448,459.9339700351785,Group_B
1698,20.287298775810704,443.5795954048812,Group_B
1154,419.5233684578014,537.6017044262023,Group_A
1427,2.045069172816511,484.7747720884178,Group_B
385,186.5274730536782,477.1445853924935,Group_B
1590,228.179814004684,8.420493358475255,Group_C
855,49.29043629036862,483.5069452621981,Group_B
220,728.5678434607262,275.4816338714511,Group_C
642,23.59307196547322,532.8308436595298,Group_B
2,566.4385170424305,254.2472148177707,Group_C
113,67.88588205794844,443.5830492433348,Group_B
699,50.86446119312363,474.9105688729465,Group_B
1800,438.3901618782276,207.1875370791263,Group_A
952,444.1600920093033,114.05793698393812,Group_C
1583,556.9452015690792,277.3925281113423,Group_C
1411,264.5021684952943,69.13018385425238,Group_C
1410,171.09085403827106,332.9915502574175,Group_B
1534,687.5968138870386,54.96377654680674,Group_C
1292,43.01471045566848,458.80049020697294,Group_B
1634,34.97118286960338,469.4505289630344,Group_B
442,83.92662146588972,351.5062539324782,Group_B
1521,112.54634129066244,466.258743486632,Group_B
1137,41.271755251576266,462.8509124480456,Group_B
1257,334.82040716974467,250.49082935710493,Group_A
1683,684.1040544123355,456.3979583089271,Group_C
1398,28.01463975205308,452.0027518833287,Group_B
664,43.13439615233101,394.344241668173,Group_B
1658,96.81468785177992,444.5747039294547,Group_B
1258,590.796039154245,22.95874177433768,Group_C
1604,42.09789416416463,471.8108869959524,Group_B
318,614.643298163833,85.87577794806407,Group_C
649,356.53023515776056,482.0921437388856,Group_A
1435,350.9375525089306,118.7213785785588,Group_A
1480,75.75881977830448,368.8577666472528,Group_B
710,134.60988110393254,412.1320232033783,Group_B
1383,680.7438265356615,24.976191135921567,Group_C
1283,193.1240949805209,81.64049765288945,Group_A
973,538.8002486726339,212.85606201909928,Group_C
628,327.679946743643,447.5765018704871,Group_B
633,267.20859180750654,507.4981204032377,Group_B
1307,368.88658380462414,366.4824958495005,Group_A
1401,610.6515063774393,84.8892201684618,Group_C
1409,219.9401335768339,442.89578987007405,Group_B
1249,22.336318036336152,472.4544561101301,Group_B
1760,214.04947194422363,417.9635443346367,Group_B
1255,40.16940091180021,384.3115129721792,Group_B
1497,101.80636414716508,447.4370643579275,Group_B
1372,648.8744682577052,469.1769554289971,Group_C
1530,73.21385631953477,452.4955473688252,Group_B
1355,49.16247538432168,401.2146038432269,Group_B
1735,94.50020753877943,433.2902642473682,Group_B
1713,34.66466505796726,473.5735268898706,Group_B
1670,51.16242065026061,446.0312459792703,Group_B
796,133.6458336138023,411.8986770132853,Group_B
646,649.0321694834773,1.2890989582868428,Group_C
1013,-9.039187661247553,362.3201520925576,Group_B
1661,610.1604269147176,176.74189379006413,Group_C
557,637.3606416011468,136.32573056242478,Group_C
682,559.5761849706221,34.55649113181681,Group_C
578,67.38892743596838,201.6750255397577,Group_A
1110,386.999294503073,82.07847245203027,Group_C
1267,324.16585523579647,200.3121524896088,Group_A
1184,649.2099089605074,-10.689835478161342,Group_C
525,679.0212009010594,-3.3363962076276152,Group_C
1060,78.02113515080951,459.99837419685497,Group_B
541,631.9618511161059,63.14271424843895,Group_C
1195,68.81663899675812,495.5507709264321,Group_B
749,730.3411941299511,29.498463465062343,Group_C
1673,207.6955296024176,423.204845953283,Group_B
1431,99.98182502627026,474.0746708602004,Group_B
485,103.8161108977362,172.13492381812915,Group_A
96,22.65393950148829,502.0718969972161,Group_B
1021,74.46641090643422,148.71402939335638,Group_A
564,550.289123417539,260.4792661526115,Group_C
1265,11.25262074240581,336.0368880217276,Group_B
743,27.108102785174715,499.9920062531209,Group_B
864,689.278326286158,66.91613365642496,Group_C
1599,548.9406266502175,327.7887306699177,Group_C
1485,326.7509428584327,205.82296589913187,Group_A
892,29.65628651365009,492.4323944032064,Group_B
1578,59.81895739835373,464.6284315740137,Group_B
1039,38.46845347842498,491.2610218707917,Group_B
207,312.66198239186645,455.7234548300296,Group_B
393,431.0855303331055,499.4595353001087,Group_A
795,72.41986459610187,431.1360264166992,Group_B
871,469.40500018310274,381.1087967511344,Group_A
398,442.76626359132064,381.1893217785697,Group_A
767,13.28056557917458,479.59534453817673,Group_B
1663,549.7834642034591,54.26805065761226,Group_C
1242,42.37450541225602,318.89947935038623,Group_B
1029,21.721375633532976,501.7816182429864,Group_B
643,660.3865293383742,7.514589956635007,Group_C
1705,25.16256988052082,480.3835418122368,Group_B
613,232.78812748008025,393.2857519464652,Group_B
961,37.07592217987411,381.4016176460911,Group_B
1571,393.49920598056576,202.4816484725153,Group_A
726,77.30506655041185,535.2134295635649,Group_B
684,121.31295301974026,330.0942319894766,Group_B
99,87.95585526695868,474.0305515264024,Group_B
805,694.9641328158207,46.443489177308834,Group_C
1598,544.0143742845592,246.50793086409627,Group_C
407,142.26372874581577,-1.4238431916225522,Group_C
503,690.9447716231518,369.48242878987503,Group_C
1072,3.11559799860578,124.21689454028518,Group_A
1057,43.44723636894573,462.7631135296739,Group_B
930,27.88128794788546,189.83174769525533,Group_A
780,158.6793436021025,155.9754160530577,Group_A
201,610.6806208034354,472.9180594327443,Group_C
135,195.03302334787568,89.39881505897273,Group_A
1052,114.89014768580316,205.1973700489882,Group_A
41,682.8104519826452,89.60835677524273,Group_C
1018,381.7531001749562,115.79006317680546,Group_C
231,76.28286957921298,396.4109234316812,Group_B
1514,25.501861512258795,433.8700316543466,Group_B
379,-12.172864852191973,461.8029552822681,Group_B
289,146.72024886583534,185.91376029080936,Group_A
419,75.45446122199678,339.2175631642631,Group_B
392,460.7344795265568,464.1228793500107,Group_A
593,204.0528277205024,160.97603976544832,Group_A
1523,37.848146699820425,428.8138128478548,Group_B
1163,112.70938220781238,254.5547696858125,Group_B
1087,101.20819580631448,450.8106875226216,Group_B
1496,733.3784440566252,59.96091340044677,Group_C
648,10.651610987840243,494.6988206460628,Group_B
1153,105.62370160807748,117.4543193639297,Group_A
1368,371.2822161685313,29.22920798589405,Group_C
521,32.09433937721848,453.6145162777557,Group_B
65,199.9245797842713,270.61984992007905,Group_B
15,674.7001777471925,51.37875115162416,Group_C
1181,43.73678884567356,523.2599991641624,Group_B
1065,183.65354677590992,351.25173744846506,Group_B
493,534.0929869598746,347.85191653785,Group_C
380,5.344590956036658,441.98159161722816,Group_B
188,88.20881076294938,515.3635126474308,Group_B
764,572.6372856974133,65.98280161238279,Group_C
217,-27.13140756927316,148.07142466113987,Group_A
792,195.47630906046305,439.8298965866909,Group_B
1077,618.8630787168238,62.8218298886095,Group_C
879,258.1325720380311,225.2321517024305,Group_A
338,13.52853232189034,406.7438042403688,Group_B
720,79.76921357658134,456.4411854353397,Group_B
296,6.470565641416243,438.56763131833134,Group_B
1017,661.9300429036391,209.16399407459176,Group_C
1276,556.8799386510501,108.3715381719793,Group_C
1486,52.30099191437702,533.8637466073251,Group_B
456,645.6536148412335,49.80400943739551,Group_C
1803,168.56100563358436,339.0340135768697,Group_B
816,263.92336442862984,245.45550907351543,Group_A
270,123.57155497823732,396.87159672758537,Group_B
996,-19.54968027405144,443.3311434739146,Group_B
202,659.8721387978355,267.3152320000995,Group_C
162,15.245761471104602,443.31328816665103,Group_B
1580,692.7318318695695,18.7206684937068,Group_C
730,646.4840692222954,66.46285918566826,Group_C
402,44.66162859405661,450.27176123163525,Group_B
703,220.35954814184515,470.8372118512013,Group_B
1501,663.2677459414067,32.47544091262483,Group_C
1130,20.78720931872001,361.8589162375669,Group_B
566,401.9207856614572,251.2151268674155,Group_A
1414,-43.594459912674594,154.84597821285496,Group_A
1022,447.07240421345375,324.8408167872867,Group_A
1026,256.759065683933,282.7808581349826,Group_B
1412,533.5303614463912,274.84423409197984,Group_C
1586,49.67839529497654,311.4182001045585,Group_B
1105,41.50219852612868,151.22502257258031,Group_A
206,311.3396913664107,257.7995621952288,Group_A
35,712.204353549431,20.30337186199052,Group_C
776,284.5079872683796,150.417937036603,Group_A
509,19.524641415281906,131.58007360068063,Group_A
1452,99.46980527874086,425.3998847874319,Group_B
1479,578.1940513185177,308.4757070102202,Group_C
1777,94.36724754706252,156.94165780669584,Group_A
1391,95.70757325383806,424.50936931715626,Group_B
92,217.09593765579865,469.60809105354656,Group_B
1364,42.68408439547703,474.92655749224633,Group_B
898,277.0254301622052,322.51398278119416,Group_B
565,8.201988642996536,502.8152818648172,Group_B
1370,25.88037625579548,409.86414792276025,Group_B
777,222.8439703130742,220.06386671897263,Group_A
242,609.3661021396794,-31.054157821085028,Group_C
14,179.4999587163101,271.7316521557615,Group_B
316,507.7996480445795,259.7825696272945,Group_C
601,10.659753872668023,364.9739350114442,Group_B
388,466.3519835819708,107.66659341858826,Group_C
1298,114.44879078781616,429.5475897042687,Group_B
167,343.6279514436631,54.43449807220753,Group_C
841,354.1882939051395,47.94217117355299,Group_C
21,39.90115202436236,445.3971851651758,Group_B
647,71.03115251884094,414.83153572137815,Group_B
1509,11.931739718884373,490.8882618700564,Group_B
1155,43.20821014721781,411.09023762642096,Group_B
1529,8.993974032040095,446.6572711733738,Group_B
832,61.0897965770793,304.50944292335,Group_B
1268,544.9042105714211,268.2448181773881,Group_C
1591,663.288424863313,44.6152418025481,Group_C
563,19.210396618078768,467.92543116416624,Group_B
1759,88.76003605061032,192.5342565177702,Group_A
687,128.6446988574092,447.2020595270491,Group_B
958,322.6276148747071,471.1048316517285,Group_B
190,601.4818256136087,18.791126536731326,Group_C
976,103.06398280971972,102.48317259960488,Group_A
700,307.2955102928829,316.9221774148474,Group_B
1500,294.3633774821615,238.1629781311332,Group_A
1706,693.4553390845947,1.2817144854361118,Group_C
511,708.0707341393578,39.53506423809898,Group_C
1083,647.7778068578241,69.8908460972824,Group_C
475,630.6302051491122,57.22322251633352,Group_C
1585,704.3810272745953,-34.82490287385099,Group_C
857,673.9984527361554,-5.471792210974968,Group_C
748,284.2888545025176,86.21488207065119,Group_C
253,4.689863772098862,457.5930337068319,Group_B
22,65.75896145499458,479.73441326906186,Group_B
1338,639.1685145634569,177.29841388898052,Group_C
460,335.30266373905323,293.5012691348062,Group_A
1185,155.93112237005377,85.93845764520523,Group_C
277,661.804266479656,-16.26325050358173,Group_C
956,699.9130495979413,141.46343988674914,Group_C
1216,38.1419414370187,275.39800490171365,Group_B
386,313.2312508830489,45.1121792248274,Group_C
806,372.716535336943,218.2506296954378,Group_A
1438,700.7418393128954,37.301728733727145,Group_C
1516,76.27510833574941,413.6994826185992,Group_B
344,645.7913654725503,228.79014410518948,Group_C
770,90.67482262555184,417.33708924533215,Group_B
1333,75.59412174003512,363.0371221646251,Group_B
1686,400.7306806224366,287.72043714640205,Group_A
131,130.93709451865655,226.7522715178197,Group_A
1688,152.42611120917078,323.8631167093855,Group_B
872,701.552256236054,18.63327260485204,Group_C
1124,208.08703287662792,287.05891384504497,Group_B
1397,595.3469099760547,49.315989239086434,Group_C
88,589.6649344907227,77.92937558055831,Group_C
1483,96.85907227445928,454.9031542752619,Group_B
331,539.578369051156,135.7147446091942,Group_C
1239,457.34891717882925,466.3943905991566,Group_A
467,19.66975930774402,442.2144751195884,Group_B
122,327.28265740584584,401.3478476140227,Group_B
1639,0.9066940575182088,408.62817500786616,Group_B
1045,57.08625427714743,461.96904646253154,Group_B
1725,123.15789744631994,422.4141432037224,Group_B
1096,93.64964963505648,365.06223540521023,Group_B
1131,-3.077336269818943,89.94340045759162,Group_A
1295,-2.3054135107632625,480.3098772659214,Group_B
861,663.7078069693398,6.368534321805214,Group_C
1460,433.4274838645857,378.4134595336145,Group_A
1127,96.37095607776344,460.5366330780258,Group_B
